block_id,sample_idx,uptime_ms,pms_pm1,pms_pm25,pms_pm10,pms_n0_3,pms_n0_5,pms_n1_0,pms_n2_5,pms_n5_0,pms_n10,sds_pm25,sds_pm10,temp_c,hum_pct,press_hpa,alt_m
1,0,5382,46,57,67,3918,1278,48,8,2,0,-1,-1,27.34,61.22,1008.85,36.71
1,1,10382,25,31,39,2013,649,66,14,6,2,-1,-1,27.34,61.25,1008.86,36.64
1,2,15382,10,19,25,1209,389,78,18,6,2,-1,-1,27.36,61.28,1008.83,36.87
1,3,20382,7,17,25,1053,329,72,22,6,2,-1,-1,27.36,61.35,1008.86,36.57
1,4,25382,5,17,20,1005,304,76,18,2,0,-1,-1,27.37,61.39,1008.91,36.21
1,5,30382,4,16,22,837,246,80,24,4,2,-1,-1,27.37,61.45,1008.91,36.21
1,6,35382,4,16,22,855,262,74,24,6,2,-1,-1,27.39,61.50,1008.88,36.44
1,7,40382,4,17,26,894,287,98,28,8,2,-1,-1,27.39,61.53,1008.94,35.92
1,8,45382,4,17,22,945,298,106,22,4,0,-1,-1,27.39,61.61,1008.89,36.37
1,9,50382,5,17,22,1014,323,96,18,4,0,-1,-1,27.40,61.66,1008.92,36.07
1,10,55382,5,17,21,1020,327,96,16,6,0,-1,-1,27.42,61.73,1008.92,36.08
1,11,60382,5,17,25,972,311,90,28,8,4,-1,-1,27.41,61.80,1008.84,36.82
1,12,65382,5,15,24,945,292,88,26,8,4,-1,-1,27.42,61.87,1008.87,36.52
1,13,70382,4,16,22,918,281,96,28,4,4,-1,-1,27.42,61.92,1008.88,36.45
1,14,75382,4,16,22,888,280,114,22,4,4,-1,-1,27.43,61.99,1008.92,36.09
1,15,80382,4,18,18,921,288,120,16,0,0,-1,-1,27.43,62.05,1008.87,36.53
1,16,85382,4,19,22,1035,313,132,18,2,2,-1,-1,27.44,62.12,1008.91,36.16
1,17,90382,4,18,23,1095,327,126,20,4,2,-1,-1,27.44,62.19,1008.83,36.83
1,18,95382,6,22,29,1299,392,136,28,6,2,-1,-1,27.45,62.25,1008.92,36.09
1,19,100382,8,25,29,1311,415,118,30,4,0,-1,-1,27.45,62.32,1008.84,36.76
1,20,105382,6,22,24,1125,359,110,28,4,0,-1,-1,27.46,62.38,1008.87,36.55
1,21,110382,5,21,23,1104,333,114,28,2,2,-1,-1,27.46,62.47,1008.87,36.55
1,22,115382,5,20,26,1134,337,118,30,4,4,-1,-1,27.47,62.54,1008.88,36.48
1,23,120382,4,24,32,1158,347,152,38,8,4,-1,-1,27.48,62.64,1009.00,35.44
1,24,125382,2,22,25,879,273,142,34,4,0,-1,-1,27.48,62.65,1008.90,36.26
1,25,130382,2,19,22,882,276,128,30,2,0,-1,-1,27.49,62.74,1008.89,36.34
1,26,135382,2,19,24,963,295,130,34,2,0,-1,-1,27.49,62.82,1008.83,36.86
1,27,140382,5,19,26,1131,339,116,30,4,2,-1,-1,27.50,62.90,1008.91,36.20
1,28,145382,5,22,26,1266,369,130,30,2,2,-1,-1,27.51,62.96,1008.92,36.13
1,29,150382,4,17,27,1113,325,130,28,8,6,-1,-1,27.51,63.03,1008.92,36.13
1,30,155382,4,19,31,1140,336,138,32,10,6,-1,-1,27.51,63.11,1008.87,36.50
1,31,160382,4,19,40,1071,321,144,48,18,12,-1,-1,27.51,63.20,1008.89,36.35
1,32,165382,4,17,37,990,296,126,48,18,10,-1,-1,27.52,63.31,1008.86,36.58
1,33,170382,5,19,34,1038,317,122,44,14,8,-1,-1,27.52,63.39,1008.83,36.88
1,34,175382,5,20,26,1056,328,116,36,6,2,-1,-1,27.53,63.46,1008.88,36.43
1,35,180382,5,20,26,1086,329,110,34,6,2,-1,-1,27.53,63.56,1008.87,36.51
1,36,185382,5,21,25,1194,362,126,30,4,2,-1,-1,27.53,63.62,1008.83,36.88
1,37,190382,4,20,29,1119,326,131,36,10,6,-1,-1,27.54,63.74,1008.93,36.07
1,38,195382,2,18,35,918,268,139,36,18,8,-1,-1,27.55,63.81,1008.93,36.00
1,39,200382,2,17,29,942,279,126,28,12,6,-1,-1,27.55,63.88,1008.94,35.92
1,40,205382,4,19,31,1122,336,124,32,14,6,-1,-1,27.56,63.99,1008.84,36.74
1,41,210382,5,20,30,1119,338,114,38,10,6,-1,-1,27.55,64.14,1008.81,37.04
1,42,215382,6,20,28,1218,376,104,36,8,4,-1,-1,27.56,64.18,1008.91,36.23
1,43,220382,5,22,28,1122,346,134,34,6,4,-1,-1,27.56,64.29,1008.93,36.00
1,44,225382,4,22,29,1059,322,148,34,6,2,-1,-1,27.57,64.38,1008.95,35.86
1,45,230382,4,21,29,1155,338,140,34,6,2,-1,-1,27.58,64.50,1008.83,36.90
1,46,235382,4,21,34,1113,336,144,44,10,6,-1,-1,27.58,64.60,1008.83,36.83
1,47,240382,5,20,30,1254,371,136,28,8,6,-1,-1,27.60,64.71,1008.94,35.95
1,48,245382,4,21,25,1209,351,148,20,4,2,-1,-1,27.58,64.83,1008.83,36.83
1,49,250382,4,20,29,1230,355,134,28,8,4,-1,-1,27.60,64.92,1008.86,36.62
1,50,255382,4,21,28,1233,372,140,30,6,4,-1,-1,27.60,65.03,1008.95,35.87
1,51,260382,4,23,29,1263,382,163,28,2,0,-1,-1,27.60,65.14,1008.95,35.87
1,52,265382,2,25,29,1176,348,173,32,4,0,-1,-1,27.61,65.29,1008.83,36.85
1,53,270382,4,27,37,1233,359,175,46,10,4,-1,-1,27.61,65.39,1008.91,36.18
1,54,275382,4,23,32,1167,342,136,38,10,4,-1,-1,27.62,65.50,1008.85,36.70
1,55,280382,4,22,27,1116,332,148,26,8,0,-1,-1,27.62,65.62,1008.96,35.81
1,56,285382,4,23,32,1092,336,160,34,10,2,-1,-1,27.64,65.76,1008.96,35.82
1,57,290382,5,28,40,1314,403,162,52,14,4,-1,-1,27.64,65.89,1008.90,36.27
1,58,295382,6,22,32,1338,405,120,34,10,6,-1,-1,27.65,66.03,1008.95,35.90
1,59,300382,8,21,31,1389,413,116,30,10,6,-1,-1,27.65,66.15,1008.87,36.57
1,60,305382,8,23,32,1437,428,124,32,10,6,-1,-1,27.66,66.32,1008.94,35.91
1,61,310382,6,23,34,1404,416,144,32,12,4,-1,-1,27.66,66.45,1008.96,35.76
1,62,315382,5,22,31,1281,377,146,30,8,2,-1,-1,27.67,66.57,1008.93,36.06
1,63,320382,4,21,25,1119,347,144,32,4,0,-1,-1,27.66,66.71,1008.92,36.13
1,64,325382,4,24,27,1146,355,144,40,2,0,-1,-1,27.67,66.87,1008.91,36.21
1,65,330382,5,24,30,1191,357,126,44,6,4,-1,-1,27.68,67.02,1008.97,35.69
1,66,335382,8,28,38,1404,432,146,46,8,8,-1,-1,27.69,67.17,1008.93,35.99
1,67,340382,10,31,39,1635,493,152,44,8,8,-1,-1,27.69,67.31,1008.93,35.99
1,68,345382,10,28,38,1782,541,162,30,8,6,-1,-1,27.70,67.47,1008.82,36.97
1,69,350382,10,28,37,1788,552,160,26,8,6,-1,-1,27.70,67.66,1008.88,36.45
1,70,355382,9,24,39,1668,515,162,32,14,8,-1,-1,27.70,67.84,1008.88,36.45
1,71,360382,7,23,35,1329,410,142,36,10,6,-1,-1,27.71,68.02,1008.92,36.08
1,72,365382,5,19,30,1176,351,122,32,10,8,-1,-1,27.73,68.19,1008.88,36.46
1,73,370382,6,20,32,1215,372,128,32,12,10,-1,-1,27.73,68.34,1008.93,36.02
1,74,375382,6,23,35,1296,403,141,42,12,8,-1,-1,27.74,68.56,1008.95,35.87
1,75,380382,5,26,31,1302,401,147,42,4,2,-1,-1,27.74,68.72,1008.95,35.87
1,76,385382,5,25,34,1332,398,162,34,6,4,-1,-1,27.76,68.95,1008.97,35.66
1,77,390382,5,24,33,1335,405,164,34,8,6,-1,-1,27.77,69.12,1008.96,35.81
1,78,395382,8,23,35,1503,457,142,28,10,10,-1,-1,27.76,69.32,1008.92,36.10
1,79,400382,10,26,38,1752,531,152,30,12,12,-1,-1,27.77,69.52,1008.93,36.03
1,80,405382,9,25,37,1674,505,138,32,12,12,-1,-1,27.77,69.73,1008.94,35.96
1,81,410382,10,32,49,1878,553,182,46,16,14,-1,-1,27.78,69.93,1008.89,36.34
1,82,415382,9,31,39,1728,514,160,40,8,6,-1,-1,27.79,70.14,1009.00,35.45
1,83,420382,10,32,40,1836,558,173,42,8,6,-1,-1,27.79,70.37,1008.97,35.67
1,84,425382,8,29,32,1512,483,169,32,2,0,-1,-1,27.79,70.56,1008.95,35.90
1,85,430382,4,26,36,1224,381,176,44,8,6,-1,-1,27.80,70.79,1008.95,35.82
1,86,435382,5,26,37,1389,421,178,44,10,6,-1,-1,27.81,71.01,1008.92,36.13
1,87,440382,5,24,38,1320,394,164,42,12,8,-1,-1,27.82,71.24,1008.96,35.76
1,88,445382,6,23,31,1356,412,156,26,8,4,-1,-1,27.82,71.45,1008.94,35.91
1,89,450382,6,23,35,1488,453,172,28,12,6,-1,-1,27.84,71.67,1009.05,35.03
1,90,455382,8,25,34,1524,476,174,30,8,6,-1,-1,27.84,71.93,1009.05,35.03
1,91,460382,9,30,38,1617,493,172,42,8,6,-1,-1,27.84,72.17,1008.92,36.07
1,92,465382,9,29,38,1644,497,168,44,8,6,-1,-1,27.85,72.44,1008.97,35.71
1,93,470382,7,33,51,1743,519,216,58,18,4,-1,-1,27.85,72.64,1009.02,35.26
1,94,475382,5,29,42,1602,464,209,44,12,2,-1,-1,27.87,72.92,1009.00,35.42
1,95,480382,5,27,34,1521,446,184,40,6,0,-1,-1,27.88,73.17,1008.98,35.57
1,96,485382,6,28,34,1644,492,182,36,6,2,-1,-1,27.88,73.42,1008.93,36.02
1,97,490382,5,28,37,1524,441,190,38,8,4,-1,-1,27.88,73.66,1008.96,35.79
1,98,495382,6,27,31,1509,445,179,30,4,2,-1,-1,27.89,73.92,1008.96,35.80
1,99,500382,6,31,32,1509,451,192,36,2,0,-1,-1,27.90,74.10,1008.94,35.95
1,100,505382,6,30,32,1527,460,190,34,2,0,-1,-1,27.92,74.44,1008.95,35.89
1,101,510382,6,26,38,1578,473,169,34,10,8,-1,-1,27.91,74.70,1009.02,35.29
1,102,515382,6,24,38,1512,445,166,34,12,10,-1,-1,27.92,74.95,1009.03,35.22
1,103,520382,5,21,31,1362,403,158,24,8,8,-1,-1,27.93,75.23,1008.96,35.75
1,104,525382,8,25,32,1503,457,172,26,6,6,-1,-1,27.94,75.53,1008.98,35.60
1,105,530382,6,27,35,1455,441,160,46,8,4,-1,-1,27.95,75.81,1009.00,35.46
1,106,535382,5,29,40,1497,427,179,54,10,2,-1,-1,27.96,76.06,1009.04,35.09
1,107,540382,6,31,41,1698,495,206,46,8,4,-1,-1,27.97,76.37,1008.93,36.07
1,108,545382,6,27,42,1644,490,200,44,14,8,-1,-1,27.96,76.63,1008.94,35.91
1,109,550382,5,32,46,1551,439,217,52,16,6,-1,-1,27.98,76.91,1008.97,35.70
1,110,555382,6,34,47,1689,484,222,56,12,6,-1,-1,27.98,77.20,1008.97,35.70
1,111,560382,9,36,47,1896,577,218,54,8,6,-1,-1,27.99,77.46,1009.00,35.48
1,112,565382,12,36,47,2043,640,222,50,8,4,-1,-1,28.00,77.76,1009.04,35.12
1,113,570382,12,37,45,2196,674,219,34,8,4,-1,-1,28.01,78.06,1008.97,35.72
1,114,575382,9,31,45,1926,584,201,38,14,8,-1,-1,28.02,78.34,1008.89,36.39
1,115,580382,9,31,45,1761,538,187,46,14,10,-1,-1,28.03,78.63,1008.98,35.65
1,116,585382,8,30,38,1587,498,187,38,8,6,-1,-1,28.04,78.94,1008.99,35.51
1,117,590382,8,30,41,1584,498,188,44,10,4,-1,-1,28.04,79.23,1008.95,35.88
1,118,595382,9,29,40,1737,535,176,42,10,4,-1,-1,28.05,79.54,1008.88,36.41
1,119,600382,9,29,38,1794,550,176,36,10,6,-1,-1,28.07,79.89,1008.92,36.12
1,120,605382,9,30,39,1659,521,187,32,10,4,-1,-1,28.08,80.19,1009.02,35.31
1,121,610382,5,30,44,1368,452,217,44,14,4,-1,-1,28.09,80.52,1008.95,35.83
1,122,615382,6,35,41,1674,556,242,36,6,2,-1,-1,28.11,80.89,1008.95,35.84
1,123,620382,9,37,45,1911,608,234,50,8,2,-1,-1,28.12,81.30,1008.92,36.15
1,124,625382,10,33,48,2031,639,220,42,14,4,-1,-1,28.13,81.54,1008.96,35.78
1,125,630382,10,32,54,1938,610,214,52,22,8,-1,-1,28.14,81.90,1008.94,35.93
1,126,635382,10,32,47,1902,601,186,50,14,8,-1,-1,28.15,82.22,1008.97,35.72
1,127,640382,9,32,40,1884,604,200,34,6,4,-1,-1,28.17,82.54,1008.91,36.17
1,128,645382,12,32,39,2016,629,193,32,6,6,-1,-1,28.18,82.91,1008.93,36.02
1,129,650382,12,37,45,2190,664,218,46,8,4,-1,-1,28.19,83.25,1009.04,35.14
1,130,655382,6,35,43,1857,546,250,42,8,4,-1,-1,28.20,83.59,1008.97,35.67
1,131,660382,7,33,46,1725,516,248,40,12,8,-1,-1,28.20,83.91,1008.94,35.96
1,132,665382,8,30,45,1905,560,228,40,14,10,-1,-1,28.22,84.27,1008.87,36.50
1,133,670382,8,30,46,1893,556,232,42,16,10,-1,-1,28.24,84.60,1008.88,36.43
1,134,675382,9,32,51,2016,604,241,40,20,12,-1,-1,28.23,84.92,1009.00,35.46
1,135,680382,11,35,57,2298,702,246,46,24,10,-1,-1,28.25,85.25,1008.98,35.62
1,136,685382,13,34,54,2241,683,210,52,22,8,-1,-1,28.27,85.61,1009.01,35.40
1,137,690382,10,35,45,1989,599,192,56,10,0,-1,-1,28.28,85.93,1008.91,36.15
1,138,695382,9,38,50,1968,609,225,62,12,2,-1,-1,28.31,86.29,1008.99,35.50
1,139,700382,12,37,51,2211,666,221,50,14,4,-1,-1,28.31,86.62,1008.99,35.50
1,140,705382,14,39,51,2433,731,216,42,14,4,-1,-1,28.33,86.94,1008.98,35.59
1,141,710382,15,41,54,2499,761,244,44,12,2,-1,-1,28.35,87.28,1009.04,35.08
1,142,715382,12,43,61,2388,747,296,58,14,8,-1,-1,28.35,87.60,1009.04,35.08
1,143,720382,13,43,63,2394,751,291,66,16,10,-1,-1,28.36,87.93,1008.90,36.27
1,144,725382,13,37,53,2244,708,247,46,14,8,-1,-1,28.38,88.25,1008.99,35.54
1,145,730382,13,36,49,2361,713,238,38,12,4,-1,-1,28.38,88.58,1009.02,35.32
1,146,735382,14,40,55,2565,775,247,46,14,6,-1,-1,28.40,88.89,1008.97,35.70
1,147,740382,15,43,63,2652,791,250,64,16,10,-1,-1,28.42,89.21,1008.98,35.64
1,148,745382,13,41,55,2433,736,247,50,12,6,-1,-1,28.46,89.52,1008.96,35.81
1,149,750382,12,40,49,2373,700,247,46,12,2,-1,-1,28.46,89.80,1008.93,36.03
1,150,755382,12,40,50,2493,719,259,44,14,2,-1,-1,28.48,90.11,1009.02,35.30
1,151,760382,14,40,49,2634,756,232,44,10,2,-1,-1,28.51,90.39,1009.01,35.39
1,152,765382,16,41,56,2706,799,239,50,16,6,-1,-1,28.53,90.70,1008.96,35.77
1,153,770382,15,39,55,2568,772,229,54,16,6,-1,-1,28.54,90.97,1008.90,36.29
1,154,775382,14,42,61,2544,780,246,66,18,10,-1,-1,28.55,91.27,1008.98,35.63
1,155,780382,12,43,62,2256,713,269,72,18,8,-1,-1,28.55,91.54,1008.97,35.71
1,156,785382,12,43,56,2256,724,267,66,8,2,-1,-1,28.56,91.80,1008.97,35.71
1,157,790382,13,45,53,2409,773,278,60,2,0,-1,-1,28.59,92.10,1008.98,35.58
1,158,795382,13,42,51,2481,785,282,50,4,2,-1,-1,28.62,92.39,1008.91,36.19
1,159,800382,16,45,57,2814,872,301,52,8,4,-1,-1,28.63,92.64,1008.90,36.27
1,160,805382,16,46,62,2883,905,334,56,12,6,-1,-1,28.66,92.89,1008.95,35.84
1,161,810382,13,44,55,2550,810,315,50,6,2,-1,-1,28.68,93.16,1008.99,35.55
1,162,815382,13,43,53,2490,775,278,50,6,2,-1,-1,28.69,93.40,1009.00,35.41
1,163,820382,14,43,53,2673,827,299,50,6,2,-1,-1,28.70,93.63,1008.99,35.49
1,164,825382,16,47,62,2931,885,307,60,14,4,-1,-1,28.70,93.85,1009.01,35.34
1,165,830382,15,47,65,2781,873,310,62,16,6,-1,-1,28.72,94.08,1008.95,35.87
1,166,835382,12,48,65,2586,805,344,74,12,6,-1,-1,28.72,94.29,1008.99,35.50
1,167,840382,13,46,68,2715,854,354,76,20,8,-1,-1,28.74,94.53,1008.97,35.66
1,168,845382,13,46,65,2628,825,329,76,18,6,-1,-1,28.73,94.76,1008.97,35.73
1,169,850382,17,47,70,2958,934,336,76,24,8,-1,-1,28.75,94.94,1009.04,35.07
1,170,855382,17,48,67,3021,930,336,56,18,8,-1,-1,28.76,95.16,1008.98,35.60
1,171,860382,16,49,64,2949,909,333,52,10,6,-1,-1,28.79,95.34,1009.03,35.17
1,172,865382,17,51,74,3186,981,390,74,22,14,-1,-1,28.80,95.74,1008.93,36.07
1,173,870382,16,49,76,3279,987,378,74,32,16,-1,-1,28.81,95.72,1009.00,35.48
1,174,875382,18,48,69,3393,1012,342,66,18,6,-1,-1,28.83,95.94,1009.00,35.49
1,175,880382,17,48,63,3222,979,325,54,10,2,-1,-1,28.82,96.11,1009.09,34.74
1,176,885382,13,45,57,2817,850,300,52,8,2,-1,-1,28.81,96.29,1009.00,35.48
1,177,890382,16,47,61,2937,890,299,64,10,4,-1,-1,28.80,96.42,1008.97,35.69
1,178,895382,19,49,65,3132,958,296,62,14,8,-1,-1,28.78,96.60,1008.96,35.76
1,179,900382,17,49,68,3195,966,321,62,18,10,-1,-1,28.79,96.72,1009.03,35.17
2,0,905382,18,46,62,3054,940,292,56,16,6,-1,-1,28.78,96.87,1009.02,35.31
2,1,910382,20,46,64,3192,982,287,52,18,6,-1,-1,28.77,97.00,1009.00,35.45
2,2,915382,19,48,65,3249,985,295,50,16,6,-1,-1,28.75,97.13,1009.00,35.45
2,3,920382,16,48,67,2991,910,297,68,18,4,-1,-1,28.75,97.24,1009.02,35.30
2,4,925382,14,46,62,2868,859,298,62,14,4,-1,-1,28.74,97.34,1009.05,34.99
2,5,930382,17,46,56,2940,897,261,60,4,2,-1,-1,28.72,97.42,1008.97,35.72
2,6,935382,18,46,61,3024,920,272,66,12,4,-1,-1,28.72,97.58,1008.99,35.50
2,7,940382,21,47,63,3234,1011,287,62,14,6,-1,-1,28.70,97.65,1008.99,35.49
2,8,945382,18,48,66,3054,962,311,68,18,6,-1,-1,28.70,97.76,1009.09,34.67
2,9,950382,17,46,65,2922,908,321,66,20,8,-1,-1,28.70,97.86,1009.07,34.89
2,10,955382,17,46,62,2907,891,289,70,14,6,-1,-1,28.68,97.97,1009.03,35.18
2,11,960382,16,46,59,2835,855,290,62,8,4,-1,-1,28.68,98.03,1009.03,35.18
2,12,965382,15,49,64,2922,905,337,66,10,6,-1,-1,28.67,98.12,1008.99,35.55
2,13,970382,15,48,63,2754,851,293,68,14,4,-1,-1,28.67,98.21,1009.04,35.10
2,14,975382,13,43,51,2601,784,262,46,8,2,-1,-1,28.66,98.29,1009.08,34.80
2,15,980382,16,41,53,2712,804,233,44,12,2,-1,-1,28.65,98.35,1008.98,35.61
2,16,985382,15,44,60,2817,823,282,54,14,4,-1,-1,28.64,98.45,1008.94,35.98
2,17,990382,12,47,63,2550,762,302,72,14,4,-1,-1,28.64,98.52,1009.02,35.31
2,18,995382,13,46,63,2736,826,308,64,12,6,-1,-1,28.63,98.59,1009.08,34.78
2,19,1000382,16,48,62,2829,856,301,64,8,6,-1,-1,28.63,98.66,1009.06,34.93
2,20,1005382,15,48,62,2811,855,305,54,10,6,-1,-1,28.62,98.72,1008.96,35.82
2,21,1010382,12,45,63,2730,814,313,50,18,8,-1,-1,28.60,98.79,1008.98,35.58
2,22,1015382,13,43,60,2673,791,291,58,14,6,-1,-1,28.61,98.84,1009.02,35.29
2,23,1020382,11,44,62,2382,714,277,80,16,6,-1,-1,28.61,98.91,1008.99,35.51
2,24,1025382,10,43,61,2337,698,298,74,18,6,-1,-1,28.59,98.99,1008.99,35.50
2,25,1030382,12,44,60,2613,788,311,68,12,6,-1,-1,28.59,99.02,1008.94,35.95
2,26,1035382,14,44,61,2775,840,288,64,12,4,-1,-1,28.59,99.07,1008.98,35.58
2,27,1040382,13,44,59,2670,778,254,64,12,4,-1,-1,28.58,99.11,1008.92,36.10
2,28,1045382,15,45,58,2727,794,263,52,10,2,-1,-1,28.58,99.16,1009.00,35.42
2,29,1050382,16,47,62,2778,822,278,60,10,2,-1,-1,28.58,99.23,1009.02,35.27
2,30,1055382,14,44,58,2694,797,265,58,10,2,-1,-1,28.58,99.26,1009.05,35.05
2,31,1060382,15,41,50,2526,766,240,48,6,2,-1,-1,28.57,99.33,1008.98,35.64
2,32,1065382,15,40,45,2415,746,233,32,6,2,-1,-1,28.57,99.36,1008.96,35.79
2,33,1070382,13,41,55,2385,729,242,54,12,6,-1,-1,28.56,99.40,1008.94,35.93
2,34,1075382,14,40,54,2481,755,241,52,10,4,-1,-1,28.55,99.42,1008.98,35.63
2,35,1080382,15,45,59,2661,812,261,64,10,2,-1,-1,28.55,99.47,1009.00,35.41
2,36,1085382,15,44,58,2598,787,267,58,10,4,-1,-1,28.54,99.51,1008.99,35.55
2,37,1090382,9,41,55,2202,649,259,60,10,6,-1,-1,28.55,99.53,1009.00,35.48
2,38,1095382,10,40,54,2172,651,262,58,12,6,-1,-1,28.54,99.56,1008.95,35.85
2,39,1100382,9,37,46,2052,628,249,46,6,2,-1,-1,28.54,99.59,1009.01,35.40
2,40,1105382,12,36,45,2154,670,239,38,6,2,-1,-1,28.53,99.62,1008.96,35.77
2,41,1110382,12,37,43,2253,704,237,36,2,2,-1,-1,28.53,99.66,1008.99,35.54
2,42,1115382,12,39,52,2316,714,254,46,10,8,-1,-1,28.53,99.70,1008.96,35.77
2,43,1120382,12,41,52,2331,704,252,48,10,6,-1,-1,28.53,99.73,1009.05,35.03
2,44,1125382,12,36,43,2196,649,212,34,8,2,-1,-1,28.52,99.75,1009.02,35.24
2,45,1130382,13,35,50,2235,672,208,44,16,8,-1,-1,28.52,99.83,1008.97,35.69
2,46,1135382,14,36,54,2409,727,216,42,18,10,-1,-1,28.49,99.85,1008.95,35.82
2,47,1140382,13,38,58,2355,721,227,50,20,10,-1,-1,28.48,99.88,1008.99,35.52
2,48,1145382,11,36,50,2214,665,229,44,12,4,-1,-1,28.47,99.90,1009.03,35.21
2,49,1150382,11,34,41,2127,617,212,32,6,6,-1,-1,28.45,99.93,1009.05,35.06
2,50,1155382,12,35,39,2220,658,208,34,4,4,-1,-1,28.44,99.98,1008.98,35.57
2,51,1160382,13,41,58,2433,732,248,56,16,8,-1,-1,28.43,100.00,1008.99,35.57
2,52,1165382,11,43,57,2328,698,268,60,14,4,-1,-1,28.42,100.00,1009.06,34.97
2,53,1170382,11,41,47,2157,653,234,52,6,2,-1,-1,28.42,100.00,1009.08,34.82
2,54,1175382,12,40,44,2151,659,222,52,4,2,-1,-1,28.41,100.00,1009.01,35.34
2,55,1180382,13,41,52,2229,682,212,58,10,6,-1,-1,28.40,100.00,1009.05,35.03
2,56,1185382,14,44,63,2487,755,264,64,16,8,-1,-1,28.40,100.00,1008.99,35.55
2,57,1190382,11,44,57,2394,709,286,56,10,4,-1,-1,28.39,100.00,1009.01,35.40
2,58,1195382,11,41,55,2394,714,286,46,12,4,-1,-1,28.38,100.00,1008.98,35.61
2,59,1200382,13,41,57,2562,758,253,50,14,6,-1,-1,28.37,100.00,1008.99,35.53
2,60,1205382,15,42,60,2484,749,235,52,20,8,-1,-1,28.37,100.00,1008.99,35.53
2,61,1210382,11,40,54,2190,650,240,52,16,4,-1,-1,28.36,100.00,1009.01,35.38
2,62,1215382,11,40,51,2334,676,250,48,12,0,-1,-1,28.35,100.00,1008.96,35.75
2,63,1220382,12,40,50,2415,700,254,46,10,0,-1,-1,28.35,100.00,1008.96,35.82
2,64,1225382,12,41,52,2187,680,250,48,10,2,-1,-1,28.34,100.00,1008.97,35.67
2,65,1230382,11,41,54,2145,691,260,44,12,8,-1,-1,28.33,100.00,1009.03,35.21
2,66,1235382,12,42,54,2262,728,266,44,10,6,-1,-1,28.32,100.00,1009.02,35.28
2,67,1240382,12,47,63,2385,724,286,72,12,2,-1,-1,28.32,100.00,1009.01,35.36
2,68,1245382,12,45,61,2334,714,266,66,14,4,-1,-1,28.31,100.00,1009.05,35.06
2,69,1250382,11,45,63,2220,702,276,66,18,10,-1,-1,28.31,100.00,1009.05,35.06
2,70,1255382,11,42,63,2250,708,282,58,22,10,-1,-1,28.29,100.00,1009.07,34.82
2,71,1260382,12,42,70,2397,745,291,68,30,12,-1,-1,28.27,100.00,1009.04,35.11
2,72,1265382,15,42,69,2505,779,258,68,28,16,-1,-1,28.28,100.00,1009.02,35.26
2,73,1270382,15,41,61,2433,769,230,58,20,14,-1,-1,28.28,100.00,1009.02,35.26
2,74,1275382,18,41,58,2535,800,206,50,16,10,-1,-1,28.26,100.00,1009.05,35.03
2,75,1280382,15,42,59,2391,755,214,52,16,6,-1,-1,28.27,100.00,1009.01,35.33
2,76,1285382,10,41,60,2097,640,257,52,20,6,-1,-1,28.26,100.00,1009.08,34.80
2,77,1290382,8,40,66,2082,603,288,68,24,10,-1,-1,28.25,100.00,1009.02,35.24
2,78,1295382,11,42,60,2289,665,255,64,14,10,-1,-1,28.24,100.00,1009.02,35.32
2,79,1300382,11,41,56,2283,676,236,56,14,8,-1,-1,28.24,100.00,1009.07,34.87
2,80,1305382,12,37,49,2211,654,205,52,12,4,-1,-1,28.23,100.00,1009.03,35.23
2,81,1310382,13,41,61,2433,722,232,68,18,2,-1,-1,28.23,100.00,1009.05,35.01
2,82,1315382,14,45,61,2553,755,257,60,14,2,-1,-1,28.23,100.00,1009.08,34.79
2,83,1320382,12,37,41,2295,673,216,26,4,0,-1,-1,28.23,100.00,1009.15,34.19
2,84,1325382,12,39,49,2223,677,230,42,6,4,-1,-1,28.21,100.00,1009.10,34.63
2,85,1330382,14,45,60,2433,756,260,62,12,6,-1,-1,28.21,100.00,1009.04,35.08
2,86,1335382,14,42,52,2370,712,234,52,8,2,-1,-1,28.21,100.00,1009.22,33.59
2,87,1340382,12,44,58,2439,732,266,66,12,4,-1,-1,28.20,99.98,1009.13,34.33
2,88,1345382,14,44,57,2448,755,276,54,8,4,-1,-1,28.20,99.94,1009.05,35.00
2,89,1350382,12,44,52,2421,744,277,36,6,2,-1,-1,28.19,99.88,1009.09,34.69
2,90,1355382,11,41,55,2115,639,241,50,14,6,-1,-1,28.19,99.81,1009.08,34.77
2,91,1360382,12,42,57,2244,678,252,54,16,8,-1,-1,28.19,99.74,1009.09,34.69
2,92,1365382,12,42,52,2469,740,277,44,8,2,-1,-1,28.19,99.67,1009.17,34.02
2,93,1370382,11,43,55,2322,704,281,54,8,4,-1,-1,28.19,99.59,1009.06,34.92
2,94,1375382,11,41,52,2268,697,277,50,8,6,-1,-1,28.18,99.50,1009.05,35.06
2,95,1380382,12,37,49,2256,685,230,42,10,8,-1,-1,28.19,99.41,1009.16,34.10
2,96,1385382,13,41,54,2478,753,239,46,12,8,-1,-1,28.18,99.35,1009.10,34.61
2,97,1390382,14,42,52,2370,712,233,50,10,2,-1,-1,28.18,99.24,1009.15,34.17
2,98,1395382,9,42,51,2115,637,260,50,8,0,-1,-1,28.18,99.16,1008.98,35.58
2,99,1400382,11,42,51,2229,672,274,52,4,0,-1,-1,28.17,99.05,1009.08,34.76
2,100,1405382,12,41,49,2352,710,254,44,6,4,-1,-1,28.18,98.94,1009.04,35.13
2,101,1410382,15,44,57,2514,759,225,54,12,6,-1,-1,28.17,98.83,1009.05,35.06
2,102,1415382,12,43,53,2280,693,235,52,8,4,-1,-1,28.18,98.72,1009.14,34.24
2,103,1420382,12,42,63,2520,741,266,54,20,8,-1,-1,28.17,98.60,1009.24,33.42
2,104,1425382,15,44,64,2772,790,254,54,18,8,-1,-1,28.18,98.47,1009.25,33.35
2,105,1430382,15,44,60,2703,796,251,46,12,10,-1,-1,28.18,98.33,1009.25,33.35
2,106,1435382,15,44,52,2571,762,253,48,6,4,-1,-1,28.18,98.19,1009.10,34.61
2,107,1440382,13,41,52,2391,727,237,48,10,4,-1,-1,28.18,98.04,1009.05,35.06
2,108,1445382,12,41,51,2280,677,226,56,10,2,-1,-1,28.19,97.88,1009.11,34.54
2,109,1450382,9,44,49,2238,649,285,50,6,0,-1,-1,28.19,97.73,1009.19,33.87
2,110,1455382,11,43,58,2391,697,289,50,14,6,-1,-1,28.17,97.58,1009.14,34.32
2,111,1460382,13,40,57,2496,731,240,46,16,12,-1,-1,28.18,97.42,1009.15,34.17
2,112,1465382,14,45,58,2430,729,255,58,12,8,-1,-1,28.18,97.30,1009.02,35.28
2,113,1470382,10,45,58,2175,646,264,70,12,6,-1,-1,28.19,97.11,1009.14,34.25
2,114,1475382,12,45,64,2379,718,263,72,20,10,-1,-1,28.18,96.98,1009.07,34.84
2,115,1480382,14,47,70,2517,763,287,70,22,12,-1,-1,28.19,96.80,1009.16,34.10
2,116,1485382,14,45,61,2484,740,273,54,14,6,-1,-1,28.19,96.64,1009.11,34.54
2,117,1490382,15,41,47,2595,763,239,30,6,0,-1,-1,28.19,96.48,1009.08,34.77
2,118,1495382,12,40,50,2346,685,240,32,10,6,-1,-1,28.18,96.32,1009.05,35.06
2,119,1500382,12,43,58,2403,731,260,46,12,8,-1,-1,28.18,96.16,1009.05,35.06
2,120,1505382,11,45,60,2409,734,295,52,12,6,-1,-1,28.19,95.97,1009.05,34.99
2,121,1510382,8,43,53,2178,654,289,46,8,2,-1,-1,28.19,95.80,1009.12,34.47
2,122,1515382,11,42,52,2283,696,278,46,8,0,-1,-1,28.19,95.62,1009.19,33.87
2,123,1520382,11,41,51,2319,699,275,50,6,0,-1,-1,28.18,95.45,1009.13,34.39
2,124,1525382,12,44,63,2430,720,286,74,16,8,-1,-1,28.18,95.26,1009.18,33.95
2,125,1530382,12,46,65,2478,741,284,76,16,10,-1,-1,28.19,95.09,1009.20,33.80
2,126,1535382,14,47,67,2538,777,291,74,20,10,-1,-1,28.19,94.91,1009.27,33.20
2,127,1540382,14,47,67,2595,786,297,68,20,8,-1,-1,28.19,94.71,1009.28,33.13
2,128,1545382,15,45,61,2664,803,265,56,12,4,-1,-1,28.20,94.52,1009.27,33.21
2,129,1550382,14,46,64,2613,805,291,68,14,4,-1,-1,28.20,94.34,1009.21,33.66
2,130,1555382,11,43,57,2217,678,282,60,10,4,-1,-1,28.20,94.15,1009.31,32.84
2,131,1560382,11,41,50,2175,654,245,50,6,2,-1,-1,28.20,93.93,1009.10,34.62
2,132,1565382,11,41,50,2208,661,237,58,6,0,-1,-1,28.20,93.76,1009.16,34.10
2,133,1570382,14,45,60,2502,762,257,58,12,6,-1,-1,28.20,93.55,1009.21,33.73
2,134,1575382,14,44,64,2511,749,275,54,18,14,-1,-1,28.19,93.34,1009.17,34.02
2,135,1580382,15,46,66,2580,782,273,66,18,12,-1,-1,28.20,93.12,1009.21,33.73
2,136,1585382,14,45,64,2457,745,266,66,16,8,-1,-1,28.20,92.91,1009.18,33.95
2,137,1590382,12,43,60,2292,697,259,58,16,8,-1,-1,28.19,92.70,1009.17,34.02
2,138,1595382,12,41,61,2349,717,278,56,18,8,-1,-1,28.20,92.49,1009.08,34.77
2,139,1600382,13,44,62,2547,785,291,54,14,8,-1,-1,28.19,92.27,1009.17,34.02
2,140,1605382,15,44,58,2652,809,277,54,12,2,-1,-1,28.21,92.05,1009.14,34.25
2,141,1610382,14,41,53,2439,734,240,38,12,2,-1,-1,28.20,91.79,1009.13,34.40
2,142,1615382,14,45,61,2505,745,273,52,14,10,-1,-1,28.19,91.58,1009.06,34.92
2,143,1620382,15,46,65,2724,807,281,66,14,10,-1,-1,28.20,91.34,1009.10,34.62
2,144,1625382,16,46,68,2811,842,271,72,22,14,-1,-1,28.19,91.11,1009.08,34.77
2,145,1630382,15,46,69,2757,827,301,62,20,14,-1,-1,28.20,90.88,1009.13,34.33
2,146,1635382,11,46,65,2433,702,302,58,12,10,-1,-1,28.20,90.63,1009.18,33.95
2,147,1640382,11,44,63,2355,705,294,66,16,8,-1,-1,28.20,90.34,1009.15,34.18
2,148,1645382,11,43,65,2187,690,258,70,24,8,-1,-1,28.20,90.12,1009.29,33.06
2,149,1650382,12,44,56,2301,704,258,54,10,2,-1,-1,28.20,89.86,1009.32,32.76
2,150,1655382,12,44,57,2346,724,254,64,8,6,-1,-1,28.19,89.63,1009.25,33.35
2,151,1660382,12,41,50,2286,700,231,56,6,4,-1,-1,28.20,89.38,1009.35,32.54
2,152,1665382,12,41,63,2199,693,238,66,20,6,-1,-1,28.20,89.09,1009.29,32.99
2,153,1670382,8,35,54,1761,574,222,48,20,6,-1,-1,28.19,88.84,1009.20,33.80
2,154,1675382,8,33,53,1707,554,210,50,22,2,-1,-1,28.19,88.59,1009.28,33.13
2,155,1680382,9,35,45,1791,563,193,42,12,0,-1,-1,28.20,88.30,1009.21,33.66
2,156,1685382,11,43,60,2235,674,242,66,16,6,-1,-1,28.19,88.06,1009.17,34.02
2,157,1690382,10,45,60,2148,659,265,72,10,8,-1,-1,28.19,87.78,1009.06,34.92
2,158,1695382,8,44,55,1947,600,263,60,10,6,-1,-1,28.20,87.51,1009.07,34.85
2,159,1700382,9,45,63,2163,673,304,72,18,4,-1,-1,28.19,87.24,1009.20,33.80
2,160,1705382,11,39,60,2157,664,262,54,24,2,-1,-1,28.20,86.96,1009.15,34.18
2,161,1710382,12,42,60,2304,705,256,62,22,0,-1,-1,28.20,86.68,1009.18,33.95
2,162,1715382,11,46,61,2274,697,272,64,12,4,-1,-1,28.20,86.40,1009.18,33.95
2,163,1720382,12,44,61,2298,721,268,60,14,6,-1,-1,28.20,86.13,1009.13,34.33
2,164,1725382,11,45,63,2169,670,274,64,16,4,-1,-1,28.20,85.85,1009.15,34.18
2,165,1730382,11,44,67,2301,685,274,62,26,6,-1,-1,28.20,85.56,1009.18,33.95
2,166,1735382,12,42,65,2472,751,291,56,22,6,-1,-1,28.19,85.29,1009.22,33.58
2,167,1740382,11,38,57,2247,664,245,50,14,8,-1,-1,28.20,85.01,1009.18,33.95
2,168,1745382,10,37,53,2016,589,218,44,14,12,-1,-1,28.21,84.73,1009.28,33.14
2,169,1750382,11,35,55,2148,643,235,44,18,14,-1,-1,28.21,84.48,1009.23,33.51
2,170,1755382,11,42,59,2265,689,265,52,14,8,-1,-1,28.21,84.18,1009.28,33.14
2,171,1760382,11,45,57,2187,670,272,50,8,2,-1,-1,28.20,83.90,1009.27,33.21
2,172,1765382,11,45,60,2235,663,265,62,12,8,-1,-1,28.21,83.61,1009.22,33.59
2,173,1770382,11,42,58,2214,661,240,58,14,10,-1,-1,28.21,83.34,1009.30,32.91
2,174,1775382,12,41,60,2223,688,231,60,18,12,-1,-1,28.20,83.05,1009.27,33.21
2,175,1780382,14,43,61,2235,722,256,54,14,10,-1,-1,28.20,82.76,1009.16,34.10
2,176,1785382,11,44,63,2145,705,285,54,14,10,-1,-1,28.21,82.49,1009.30,32.91
2,177,1790382,11,42,55,2157,699,279,48,8,6,-1,-1,28.21,82.22,1009.31,32.84
2,178,1795382,12,43,58,2250,716,275,58,8,6,-1,-1,28.21,81.96,1009.23,33.51
2,179,1800382,12,42,53,2253,703,258,52,6,4,-1,-1,28.22,81.68,1009.27,33.22
3,0,1805382,12,45,56,2364,709,266,64,6,4,-1,-1,28.21,81.39,1009.28,33.07
3,1,1810382,15,45,58,2553,767,255,58,8,4,-1,-1,28.20,81.13,1009.29,32.99
3,2,1815382,17,45,59,2622,777,233,60,10,6,-1,-1,28.20,80.86,1009.29,32.99
3,3,1820382,15,43,57,2562,770,248,54,10,6,-1,-1,28.22,80.59,1009.19,33.89
3,4,1825382,14,49,68,2547,762,298,76,14,8,-1,-1,28.22,80.33,1009.19,33.89
3,5,1830382,13,48,67,2424,729,290,72,14,6,-1,-1,28.21,80.09,1009.15,34.18
3,6,1835382,13,46,60,2415,731,275,62,10,4,-1,-1,28.22,79.84,1009.16,34.11
3,7,1840382,11,43,48,2343,707,256,36,4,4,-1,-1,28.22,79.57,1009.22,33.59
3,8,1845382,11,45,51,2313,702,257,44,4,4,-1,-1,28.22,79.33,1009.17,34.04
3,9,1850382,14,45,60,2493,761,266,54,10,10,-1,-1,28.22,79.08,1009.25,33.37
3,10,1855382,14,45,60,2514,761,281,50,10,10,-1,-1,28.22,78.84,1009.33,32.70
3,11,1860382,12,45,68,2373,734,302,62,20,16,-1,-1,28.22,78.60,1009.32,32.77
3,12,1865382,10,43,61,1956,609,268,66,14,8,-1,-1,28.23,78.35,1009.34,32.63
3,13,1870382,5,41,55,1746,546,265,56,12,6,-1,-1,28.22,78.12,1009.30,32.92
3,14,1875382,7,41,57,1884,584,278,58,12,6,-1,-1,28.22,77.89,1009.22,33.59
3,15,1880382,9,41,58,2097,652,267,56,14,8,-1,-1,28.22,77.67,1009.28,33.15
3,16,1885382,14,42,60,2373,729,243,60,14,10,-1,-1,28.23,77.46,1009.26,33.30
3,17,1890382,12,41,56,2277,705,225,60,14,6,-1,-1,28.22,77.23,1009.19,33.82
3,18,1895382,12,42,60,2328,716,247,64,16,8,-1,-1,28.22,77.03,1009.14,34.26
3,19,1900382,12,45,60,2427,741,277,64,12,6,-1,-1,28.23,76.80,1009.21,33.67
3,20,1905382,12,45,57,2421,746,294,58,10,4,-1,-1,28.23,76.61,1009.27,33.23
3,21,1910382,12,47,64,2496,760,301,70,14,6,-1,-1,28.22,76.40,1009.30,32.92
3,22,1915382,10,45,71,2226,673,296,72,28,18,-1,-1,28.23,76.22,1009.21,33.67
3,23,1920382,8,43,68,2160,644,303,66,26,14,-1,-1,28.23,76.01,1009.18,33.97
3,24,1925382,9,42,60,2157,648,279,58,18,8,-1,-1,28.24,75.80,1009.33,32.71
3,25,1930382,10,43,49,1953,612,240,52,4,4,-1,-1,28.24,75.62,1009.25,33.38
3,26,1935382,10,38,46,1845,575,209,48,4,4,-1,-1,28.23,75.43,1009.21,33.67
3,27,1940382,11,42,51,1986,627,227,58,4,4,-1,-1,28.24,75.27,1009.22,33.60
3,28,1945382,11,42,56,2055,656,245,66,8,4,-1,-1,28.24,75.08,1009.19,33.82
3,29,1950382,11,43,59,2121,679,262,66,12,6,-1,-1,28.24,74.90,1009.25,33.38
3,30,1955382,14,46,65,2409,768,285,60,16,10,-1,-1,28.24,74.69,1009.28,33.08
3,31,1960382,11,43,64,2184,676,274,60,16,12,-1,-1,28.25,74.57,1009.29,33.01
3,32,1965382,10,44,49,2115,634,252,52,6,2,-1,-1,28.24,74.41,1009.26,33.31
3,33,1970382,11,44,49,2277,682,251,50,4,0,-1,-1,28.24,74.23,1009.20,33.75
3,34,1975382,14,45,52,2541,761,266,50,4,0,-1,-1,28.25,74.09,1009.18,33.90
3,35,1980382,15,46,59,2580,784,278,58,8,4,-1,-1,28.25,73.95,1009.26,33.23
3,36,1985382,14,46,63,2502,779,283,60,16,8,-1,-1,28.24,73.77,1009.26,33.31
3,37,1990382,15,45,69,2565,791,274,68,24,12,-1,-1,28.26,73.62,1009.28,33.09
3,38,1995382,12,41,65,2313,704,249,62,28,10,-1,-1,28.26,73.47,1009.17,33.98
3,39,2000382,8,37,55,1851,550,234,58,18,8,-1,-1,28.25,73.31,1009.26,33.23
3,40,2005382,7,42,62,1875,562,280,66,20,8,-1,-1,28.26,73.18,1009.24,33.46
3,41,2010382,10,43,58,2007,619,245,58,18,4,-1,-1,28.25,73.03,1009.22,33.61
3,42,2015382,10,37,51,1923,592,221,52,14,4,-1,-1,28.25,72.89,1009.27,33.16
3,43,2020382,8,36,46,1881,575,222,48,8,2,-1,-1,28.26,72.78,1009.23,33.54
3,44,2025382,11,42,46,2214,670,233,46,4,2,-1,-1,28.27,72.64,1009.25,33.39
3,45,2030382,13,42,52,2307,669,211,52,10,4,-1,-1,28.26,72.50,1009.24,33.46
3,46,2035382,11,37,52,2133,621,220,48,14,6,-1,-1,28.26,72.37,1009.28,33.09
3,47,2040382,11,43,60,2277,662,256,60,16,8,-1,-1,28.27,72.34,1009.31,32.88
3,48,2045382,11,44,63,2289,686,286,66,14,10,-1,-1,28.27,72.16,1009.25,33.39
3,49,2050382,11,45,63,2217,670,278,68,14,10,-1,-1,28.27,72.02,1009.31,32.88
3,50,2055382,14,46,64,2364,733,280,66,14,8,-1,-1,28.26,71.87,1009.29,33.02
3,51,2060382,12,44,57,2277,695,241,56,10,6,-1,-1,28.28,71.78,1009.24,33.47
3,52,2065382,13,40,56,2268,683,232,44,16,10,-1,-1,28.27,71.66,1009.25,33.32
3,53,2070382,11,43,58,2316,704,278,50,14,8,-1,-1,28.29,71.55,1009.25,33.33
3,54,2075382,13,47,61,2463,753,298,42,10,8,-1,-1,28.29,71.39,1009.23,33.55
3,55,2080382,13,40,51,2148,671,247,32,8,8,-1,-1,28.27,71.33,1009.25,33.32
3,56,2085382,13,43,47,2166,666,245,40,4,2,-1,-1,28.29,71.21,1009.28,33.11
3,57,2090382,14,44,58,2370,729,273,58,12,6,-1,-1,28.29,71.12,1009.29,33.04
3,58,2095382,14,47,70,2502,776,293,76,22,12,-1,-1,28.29,71.01,1009.36,32.44
3,59,2100382,13,45,64,2238,717,253,64,16,8,-1,-1,28.29,70.92,1009.33,32.66
3,60,2105382,13,42,51,2193,687,229,46,8,2,-1,-1,28.29,70.80,1009.39,32.22
3,61,2110382,14,43,55,2349,737,260,50,10,2,-1,-1,28.30,70.72,1009.35,32.52
3,62,2115382,12,42,66,2346,717,274,70,22,10,-1,-1,28.30,70.62,1009.27,33.19
3,63,2120382,8,36,58,2019,584,252,56,20,10,-1,-1,28.31,70.52,1009.26,33.27
3,64,2125382,10,36,45,2037,584,222,38,8,4,-1,-1,28.30,70.40,1009.27,33.19
3,65,2130382,12,42,51,2292,683,254,44,8,2,-1,-1,28.30,70.34,1009.35,32.52
3,66,2135382,14,42,54,2292,698,251,52,12,4,-1,-1,28.30,70.26,1009.31,32.89
3,67,2140382,10,43,53,2037,621,261,52,8,4,-1,-1,28.30,70.14,1009.24,33.41
3,68,2145382,8,41,49,1908,578,243,50,8,2,-1,-1,28.30,70.05,1009.24,33.41
3,69,2150382,10,43,52,2019,618,252,50,10,2,-1,-1,28.30,69.99,1009.33,32.67
3,70,2155382,11,39,45,2049,628,226,44,6,0,-1,-1,28.30,69.88,1009.28,33.12
3,71,2160382,11,42,51,2010,650,249,48,8,4,-1,-1,28.31,69.81,1009.24,33.42
3,72,2165382,10,43,62,1962,632,250,66,18,6,-1,-1,28.31,69.77,1009.29,33.04
3,73,2170382,9,42,57,1953,610,243,68,14,6,-1,-1,28.32,69.65,1009.30,32.90
3,74,2175382,11,41,56,2025,624,231,58,14,8,-1,-1,28.31,69.57,1009.24,33.42
3,75,2180382,11,39,48,2061,624,229,46,6,4,-1,-1,28.31,69.56,1009.29,33.04
3,76,2185382,12,40,50,2166,673,231,50,6,4,-1,-1,28.31,69.38,1009.35,32.53
3,77,2190382,14,42,53,2340,724,244,52,6,2,-1,-1,28.31,69.31,1009.30,32.97
3,78,2195382,13,42,51,2379,735,253,50,6,2,-1,-1,28.32,69.25,1009.28,33.12
3,79,2200382,14,45,53,2520,763,262,46,6,4,-1,-1,28.31,69.18,1009.27,33.19
3,80,2205382,14,42,53,2484,750,249,40,10,6,-1,-1,28.33,69.11,1009.32,32.76
3,81,2210382,14,42,53,2361,728,232,46,10,6,-1,-1,28.32,69.02,1009.28,33.12
3,82,2215382,16,42,58,2490,764,211,50,18,8,-1,-1,28.32,68.98,1009.28,33.12
3,83,2220382,13,39,56,2271,684,224,48,18,8,-1,-1,28.32,68.89,1009.33,32.68
3,84,2225382,11,42,55,2217,663,256,44,12,8,-1,-1,28.32,68.82,1009.29,33.05
3,85,2230382,9,41,58,2172,645,264,60,18,6,-1,-1,28.32,68.75,1009.30,32.90
3,86,2235382,10,42,57,2052,611,251,58,12,0,-1,-1,28.33,68.69,1009.30,32.91
3,87,2240382,10,39,57,2103,645,242,52,12,4,-1,-1,28.33,68.63,1009.32,32.76
3,88,2245382,9,42,60,2208,684,291,56,14,6,-1,-1,28.33,68.57,1009.30,32.91
3,89,2250382,10,42,56,2145,654,264,52,12,4,-1,-1,28.33,68.51,1009.30,32.91
3,90,2255382,10,34,58,2040,609,226,52,22,8,-1,-1,28.34,68.44,1009.43,31.87
3,91,2260382,12,35,59,2286,678,247,46,22,8,-1,-1,28.34,68.38,1009.45,31.72
3,92,2265382,12,40,60,2457,727,255,54,20,8,-1,-1,28.33,68.31,1009.36,32.46
3,93,2270382,10,44,65,2313,690,301,64,20,12,-1,-1,28.33,68.27,1009.33,32.68
3,94,2275382,10,44,66,2205,665,299,60,18,10,-1,-1,28.34,68.19,1009.31,32.84
3,95,2280382,12,43,59,2370,719,278,58,14,2,-1,-1,28.34,68.15,1009.34,32.61
3,96,2285382,14,43,59,2514,754,273,56,14,0,-1,-1,28.33,68.09,1009.28,33.13
3,97,2290382,12,42,62,2475,745,290,58,20,6,-1,-1,28.34,68.03,1009.40,32.10
3,98,2295382,10,45,72,2244,666,306,72,28,14,-1,-1,28.34,67.97,1009.37,32.39
3,99,2300382,11,42,59,2220,652,240,56,18,10,-1,-1,28.35,67.93,1009.38,32.25
3,100,2305382,14,42,62,2457,740,251,56,16,14,-1,-1,28.35,67.86,1009.45,31.73
3,101,2310382,12,42,54,2307,706,253,44,10,10,-1,-1,28.35,67.80,1009.36,32.47
3,102,2315382,11,43,59,2292,709,284,52,12,6,-1,-1,28.35,67.75,1009.38,32.25
3,103,2320382,13,43,55,2340,715,255,52,10,4,-1,-1,28.35,67.69,1009.38,32.25
3,104,2325382,12,41,53,2337,708,236,50,10,2,-1,-1,28.34,67.64,1009.35,32.54
3,105,2330382,14,38,46,2223,674,208,38,8,0,-1,-1,28.35,67.57,1009.39,32.17
3,106,2335382,13,42,53,2310,705,264,40,12,2,-1,-1,28.35,67.55,1009.36,32.40
3,107,2340382,10,40,56,2097,647,257,46,18,4,-1,-1,28.34,67.48,1009.34,32.61
3,108,2345382,10,42,50,1953,609,241,52,8,2,-1,-1,28.34,67.44,1009.32,32.76
3,109,2350382,10,46,61,2091,659,284,64,10,2,-1,-1,28.34,67.38,1009.42,31.94
3,110,2355382,8,41,58,1956,613,290,54,14,2,-1,-1,28.35,67.32,1009.38,32.25
3,111,2360382,12,40,57,2196,682,255,58,14,6,-1,-1,28.35,67.27,1009.41,32.02
3,112,2365382,13,44,58,2232,688,253,56,10,6,-1,-1,28.34,67.21,1009.43,31.87
3,113,2370382,8,37,47,1809,536,241,46,10,4,-1,-1,28.36,67.17,1009.45,31.65
3,114,2375382,11,36,47,2028,608,223,44,12,2,-1,-1,28.36,67.11,1009.45,31.65
3,115,2380382,12,41,52,2319,698,248,46,12,2,-1,-1,28.35,67.07,1009.45,31.73
3,116,2385382,12,46,56,2475,743,289,50,6,0,-1,-1,28.36,67.03,1009.43,31.88
3,117,2390382,8,43,55,2145,623,267,54,8,4,-1,-1,28.35,66.97,1009.45,31.73
3,118,2395382,11,42,58,2277,671,267,60,12,8,-1,-1,28.35,66.94,1009.39,32.17
3,119,2400382,9,42,52,2154,626,239,62,10,8,-1,-1,28.36,66.88,1009.41,32.03
3,120,2405382,11,45,61,2268,680,253,60,12,8,-1,-1,28.36,66.85,1009.41,32.03
3,121,2410382,11,49,65,2469,740,319,66,10,4,-1,-1,28.36,66.80,1009.41,32.03
3,122,2415382,10,46,62,2292,664,295,66,12,4,-1,-1,28.35,66.75,1009.36,32.40
3,123,2420382,8,37,58,2025,586,266,48,16,10,-1,-1,28.35,66.72,1009.47,31.50
3,124,2425382,8,40,54,2013,579,266,52,12,8,-1,-1,28.36,66.70,1009.46,31.58
3,125,2430382,9,42,50,2283,656,278,42,8,6,-1,-1,28.37,66.62,1009.42,31.96
3,126,2435382,13,43,56,2385,698,265,42,12,4,-1,-1,28.36,66.60,1009.41,32.03
3,127,2440382,14,42,54,2346,692,214,42,10,2,-1,-1,28.36,66.53,1009.35,32.55
3,128,2445382,12,42,58,2280,690,237,52,14,8,-1,-1,28.37,66.50,1009.37,32.33
3,129,2450382,14,42,57,2340,716,220,58,14,8,-1,-1,28.37,66.43,1009.55,30.84
3,130,2455382,15,45,66,2550,795,270,62,22,10,-1,-1,28.37,66.42,1009.50,31.29
3,131,2460382,13,44,66,2382,724,275,52,24,10,-1,-1,28.37,66.36,1009.43,31.89
3,132,2465382,11,45,62,2253,683,275,58,16,8,-1,-1,28.36,66.34,1009.44,31.81
3,133,2470382,12,48,68,2427,751,290,84,18,10,-1,-1,28.37,66.30,1009.50,31.29
3,134,2475382,13,46,65,2352,727,271,72,14,8,-1,-1,28.37,66.25,1009.40,32.11
3,135,2480382,13,43,51,2220,678,248,48,4,2,-1,-1,28.37,66.20,1009.39,32.18
3,136,2485382,12,42,49,2262,689,256,40,6,0,-1,-1,28.36,66.16,1009.54,30.91
3,137,2490382,12,38,46,2202,657,224,36,8,2,-1,-1,28.36,66.13,1009.41,32.03
3,138,2495382,12,36,54,2151,653,219,46,18,8,-1,-1,28.36,66.10,1009.54,30.91
3,139,2500382,12,38,53,2121,652,210,50,16,8,-1,-1,28.37,66.05,1009.39,32.18
3,140,2505382,11,37,57,2031,625,220,50,20,8,-1,-1,28.36,66.03,1009.38,32.25
3,141,2510382,8,42,58,2022,605,243,58,14,10,-1,-1,28.37,66.00,1009.40,32.11
3,142,2515382,8,38,48,1929,578,224,52,8,6,-1,-1,28.36,65.95,1009.41,32.03
3,143,2520382,11,44,55,2247,697,256,56,6,2,-1,-1,28.36,65.91,1009.33,32.70
3,144,2525382,11,48,68,2352,742,302,66,18,4,-1,-1,28.36,65.86,1009.54,30.91
3,145,2530382,10,46,70,2220,690,317,72,26,8,-1,-1,28.37,65.83,1009.36,32.40
3,146,2535382,11,42,69,2256,696,277,70,30,12,-1,-1,28.37,65.79,1009.40,32.11
3,147,2540382,12,43,64,2337,726,259,66,22,12,-1,-1,28.37,65.95,1009.42,31.96
3,148,2545382,14,42,63,2382,739,241,62,20,10,-1,-1,28.37,65.72,1009.36,32.40
3,149,2550382,11,42,53,2076,635,239,52,10,4,-1,-1,28.37,65.69,1009.43,31.89
3,150,2555382,10,40,49,2040,598,223,50,6,4,-1,-1,28.37,65.66,1009.47,31.51
3,151,2560382,11,38,48,2097,625,227,44,8,4,-1,-1,28.37,65.63,1009.43,31.89
3,152,2565382,14,42,54,2367,701,238,50,14,6,-1,-1,28.37,65.61,1009.29,33.00
3,153,2570382,16,46,65,2535,777,267,58,16,4,-1,-1,28.38,65.55,1009.38,32.26
3,154,2575382,14,45,61,2397,735,280,50,14,0,-1,-1,28.37,65.53,1009.40,32.11
3,155,2580382,12,45,63,2430,726,296,62,18,4,-1,-1,28.37,65.50,1009.34,32.63
3,156,2585382,11,43,63,2250,679,272,62,20,4,-1,-1,28.36,65.47,1009.46,31.58
3,157,2590382,13,40,59,2259,700,237,50,16,10,-1,-1,28.38,65.43,1009.51,31.14
3,158,2595382,14,43,65,2412,743,271,56,16,12,-1,-1,28.37,65.40,1009.53,30.99
3,159,2600382,14,42,57,2376,738,257,46,12,10,-1,-1,28.37,65.38,1009.39,32.18
3,160,2605382,14,40,57,2361,730,249,46,14,12,-1,-1,28.37,65.34,1009.42,31.96
3,161,2610382,14,46,62,2517,774,286,52,12,10,-1,-1,28.37,65.32,1009.47,31.51
3,162,2615382,10,45,58,2307,681,281,58,10,6,-1,-1,28.37,65.29,1009.45,31.66
3,163,2620382,11,42,49,2100,623,223,50,6,4,-1,-1,28.36,65.23,1009.49,31.36
3,164,2625382,12,42,56,2211,675,239,54,12,8,-1,-1,28.37,65.23,1009.42,31.96
3,165,2630382,11,39,58,2016,608,216,56,20,8,-1,-1,28.36,65.21,1009.44,31.81
3,166,2635382,11,43,57,2115,649,241,60,14,6,-1,-1,28.36,65.14,1009.41,32.03
3,167,2640382,11,44,53,2214,683,269,56,6,4,-1,-1,28.37,65.12,1009.39,32.18
3,168,2645382,11,45,53,2169,679,278,54,8,4,-1,-1,28.38,65.12,1009.47,31.52
3,169,2650382,10,37,47,2064,614,248,42,10,2,-1,-1,28.37,65.08,1009.47,31.51
3,170,2655382,8,40,51,2040,587,260,50,10,4,-1,-1,28.37,65.06,1009.59,30.55
3,171,2660382,9,39,46,2025,609,251,44,8,2,-1,-1,28.37,65.03,1009.39,32.18
3,172,2665382,8,37,43,1821,564,227,38,6,0,-1,-1,28.37,65.00,1009.50,31.29
3,173,2670382,7,32,46,1617,484,201,40,14,6,-1,-1,28.37,64.99,1009.44,31.74
3,174,2675382,8,32,44,1719,516,189,42,12,8,-1,-1,28.37,64.95,1009.44,31.74
3,175,2680382,11,39,54,2112,640,220,56,14,8,-1,-1,28.37,64.94,1009.40,32.11
3,176,2685382,12,40,53,2268,685,228,48,12,4,-1,-1,28.37,64.91,1009.48,31.44
3,177,2690382,14,43,53,2361,721,234,52,8,2,-1,-1,28.36,64.86,1009.43,31.88
3,178,2695382,13,46,56,2226,695,257,58,8,4,-1,-1,28.37,64.84,1009.43,31.89
3,179,2700382,11,40,55,2121,672,265,48,10,10,-1,-1,28.37,64.81,1009.45,31.66
4,0,2705382,8,40,59,2070,644,283,52,16,10,-1,-1,28.37,64.79,1009.56,30.77
4,1,2710382,8,40,61,2031,630,280,60,18,10,-1,-1,28.37,64.78,1009.47,31.51
4,2,2715382,11,42,62,2133,660,277,58,18,6,-1,-1,28.37,64.82,1009.42,31.96
4,3,2720382,13,43,58,2325,724,251,50,14,2,-1,-1,28.37,64.73,1009.43,31.89
4,4,2725382,15,46,59,2496,768,245,60,10,0,-1,-1,28.38,64.70,1009.50,31.30
4,5,2730382,15,46,57,2484,764,256,66,8,0,-1,-1,28.37,64.70,1009.40,32.11
4,6,2735382,14,49,63,2544,760,286,82,10,0,-1,-1,28.38,64.63,1009.43,31.82
4,7,2740382,8,42,50,2046,622,277,52,8,0,-1,-1,28.37,64.62,1009.40,32.11
4,8,2745382,7,34,44,1782,545,238,36,10,4,-1,-1,28.37,64.60,1009.37,32.33
4,9,2750382,11,42,49,2097,648,225,52,6,4,-1,-1,28.38,64.58,1009.41,32.04
4,10,2755382,13,42,48,2208,680,206,50,6,0,-1,-1,28.38,64.56,1009.41,32.04
4,11,2760382,11,36,49,2076,622,202,42,12,4,-1,-1,28.38,64.53,1009.44,31.75
4,12,2765382,9,37,44,2007,585,207,48,8,4,-1,-1,28.38,64.52,1009.46,31.59
4,13,2770382,8,42,52,1926,555,235,60,10,6,-1,-1,28.38,64.50,1009.46,31.59
4,14,2775382,10,43,62,2103,644,272,62,16,8,-1,-1,28.37,64.48,1009.45,31.66
4,15,2780382,10,39,60,2205,654,266,52,16,8,-1,-1,28.39,64.46,1009.51,31.16
4,16,2785382,8,42,55,2190,636,280,44,12,6,-1,-1,28.38,64.45,1009.42,31.97
4,17,2790382,11,42,55,2289,673,284,44,14,4,-1,-1,28.39,64.46,1009.42,31.90
4,18,2795382,12,42,59,2295,689,270,50,16,6,-1,-1,28.39,64.43,1009.59,30.56
4,19,2800382,13,44,60,2226,667,250,60,16,6,-1,-1,28.38,64.43,1009.50,31.30
4,20,2805382,8,42,58,1893,580,258,60,14,10,-1,-1,28.39,64.42,1009.45,31.68
4,21,2810382,10,43,58,2025,621,266,54,16,12,-1,-1,28.39,64.41,1009.37,32.34
4,22,2815382,11,40,56,2130,648,246,48,16,12,-1,-1,28.39,64.38,1009.46,31.60
4,23,2820382,15,38,57,2460,748,218,36,20,12,-1,-1,28.39,64.38,1009.43,31.83
4,24,2825382,18,40,54,2631,796,217,36,16,8,-1,-1,28.39,64.39,1009.42,31.90
4,25,2830382,18,42,55,2718,813,224,42,12,4,-1,-1,28.41,64.36,1009.51,31.16
4,26,2835382,16,42,51,2529,762,224,44,8,4,-1,-1,28.40,64.35,1009.52,31.08
4,27,2840382,11,44,51,2169,678,260,50,4,0,-1,-1,28.40,64.32,1009.56,30.79
4,28,2845382,11,43,53,2052,670,285,46,8,2,-1,-1,28.39,64.32,1009.43,31.83
4,29,2850382,9,40,52,1962,623,272,44,10,6,-1,-1,28.41,64.31,1009.49,31.39
4,30,2855382,9,45,55,2091,640,279,60,8,4,-1,-1,28.41,64.29,1009.51,31.16
4,31,2860382,8,45,53,1971,602,259,62,8,4,-1,-1,28.41,64.28,1009.43,31.83
4,32,2865382,7,41,52,1791,565,257,52,12,4,-1,-1,28.40,64.28,1009.48,31.46
4,33,2870382,8,39,52,1797,567,234,52,14,6,-1,-1,28.40,64.26,1009.42,31.98
4,34,2875382,11,37,50,1914,611,220,46,12,8,-1,-1,28.40,64.22,1009.36,32.42
4,35,2880382,12,33,43,1941,611,185,32,10,8,-1,-1,28.40,64.22,1009.45,31.68
4,36,2885382,14,39,44,2169,660,210,38,6,2,-1,-1,28.40,64.21,1009.47,31.53
4,37,2890382,12,42,52,2280,692,248,40,10,4,-1,-1,28.40,64.21,1009.50,31.31
4,38,2895382,12,41,53,2355,712,266,44,10,2,-1,-1,28.40,64.19,1009.47,31.53
4,39,2900382,11,41,53,2175,655,247,54,12,4,-1,-1,28.40,64.18,1009.42,31.98
4,40,2905382,10,40,56,2010,607,234,60,14,8,-1,-1,28.41,64.17,1009.43,31.83
4,41,2910382,10,37,53,1845,570,231,54,14,6,-1,-1,28.40,64.13,1009.42,31.91
4,42,2915382,8,43,55,1929,596,259,56,8,2,-1,-1,28.41,64.11,1009.43,31.83
4,43,2920382,10,43,55,2088,639,255,52,12,4,-1,-1,28.41,64.11,1009.41,32.06
4,44,2925382,8,42,58,1914,589,272,56,16,6,-1,-1,28.41,64.12,1009.49,31.32
4,45,2930382,8,43,62,1926,609,279,60,16,8,-1,-1,28.41,64.09,1009.49,31.32
4,46,2935382,10,39,52,1806,578,220,50,12,4,-1,-1,28.42,64.07,1009.48,31.47
4,47,2940382,11,36,46,1848,584,209,40,12,0,-1,-1,28.42,64.06,1009.46,31.62
4,48,2945382,12,36,47,2037,642,217,38,12,0,-1,-1,28.41,64.04,1009.44,31.76
4,49,2950382,14,39,56,2256,699,232,46,18,4,-1,-1,28.42,64.04,1009.50,31.24
4,50,2955382,11,39,54,2130,655,234,44,14,6,-1,-1,28.42,64.03,1009.50,31.24
4,51,2960382,8,34,50,1791,557,233,40,16,8,-1,-1,28.41,63.99,1009.52,31.09
4,52,2965382,8,40,60,1959,604,267,52,18,10,-1,-1,28.42,63.97,1009.48,31.47
4,53,2970382,11,43,63,2229,685,278,62,14,10,-1,-1,28.43,63.96,1009.49,31.32
4,54,2975382,12,42,54,2334,705,278,52,6,4,-1,-1,28.42,63.95,1009.48,31.40
4,55,2980382,13,41,48,2409,726,262,38,2,2,-1,-1,28.43,63.93,1009.41,31.99
4,56,2985382,12,39,47,2193,658,235,38,6,2,-1,-1,28.42,63.89,1009.48,31.40
4,57,2990382,14,37,49,2040,639,195,42,12,6,-1,-1,28.42,63.92,1009.46,31.62
4,58,2995382,10,37,52,1911,606,239,48,10,8,-1,-1,28.42,63.89,1009.46,31.62
4,59,3000382,7,36,52,1881,591,272,44,12,8,-1,-1,28.43,63.87,1009.44,31.77
4,60,3005382,9,39,50,2070,639,260,48,10,2,-1,-1,28.43,63.86,1009.49,31.32
4,61,3010382,11,43,53,2118,649,259,60,8,2,-1,-1,28.43,63.84,1009.48,31.47
4,62,3015382,14,44,52,2316,714,244,54,6,0,-1,-1,28.43,63.83,1009.49,31.32
4,63,3020382,14,43,51,2232,694,231,58,6,0,-1,-1,28.43,63.81,1009.49,31.32
4,64,3025382,13,41,52,2217,699,242,52,10,0,-1,-1,28.43,63.78,1009.47,31.55
4,65,3030382,12,42,54,2262,701,261,56,10,0,-1,-1,28.44,63.77,1009.48,31.40
4,66,3035382,12,42,53,2274,692,260,52,8,2,-1,-1,28.43,63.77,1009.47,31.55
4,67,3040382,12,41,54,2292,677,229,46,12,8,-1,-1,28.43,63.74,1009.49,31.32
4,68,3045382,10,40,60,2226,646,246,58,20,8,-1,-1,28.43,63.56,1009.44,31.77
4,69,3050382,10,42,58,2226,643,265,58,16,4,-1,-1,28.44,63.72,1009.56,30.73
4,70,3055382,11,37,49,2217,646,240,46,10,4,-1,-1,28.43,63.71,1009.48,31.47
4,71,3060382,9,39,43,2007,605,242,40,4,2,-1,-1,28.44,63.67,1009.47,31.55
4,72,3065382,12,40,43,2175,647,227,42,2,2,-1,-1,28.43,63.67,1009.50,31.25
4,73,3070382,15,44,53,2439,744,250,58,6,4,-1,-1,28.44,63.65,1009.51,31.18
4,74,3075382,15,46,55,2409,738,243,66,6,2,-1,-1,28.44,63.64,1009.52,31.11
4,75,3080382,15,42,60,2409,740,229,64,14,10,-1,-1,28.44,63.61,1009.52,31.11
4,76,3085382,15,42,61,2304,721,233,64,18,8,-1,-1,28.43,63.61,1009.53,31.03
4,77,3090382,15,42,60,2349,731,239,56,16,8,-1,-1,28.44,63.59,1009.55,30.89
4,78,3095382,11,40,45,2103,632,234,40,6,0,-1,-1,28.44,63.57,1009.55,30.89
4,79,3100382,8,37,45,1935,561,236,40,10,0,-1,-1,28.45,63.54,1009.50,31.26
4,80,3105382,11,42,53,2211,653,263,52,14,0,-1,-1,28.45,63.53,1009.53,31.04
4,81,3110382,12,39,50,2208,666,230,44,12,0,-1,-1,28.45,63.51,1009.56,30.74
4,82,3115382,12,39,50,2247,683,225,48,10,2,-1,-1,28.45,63.51,1009.54,30.96
4,83,3120382,14,39,57,2367,716,224,54,16,6,-1,-1,28.45,63.48,1009.51,31.19
4,84,3125382,11,39,56,2232,668,230,58,16,10,-1,-1,28.46,63.46,1009.54,30.89
4,85,3130382,10,40,56,2097,642,262,56,14,8,-1,-1,28.46,63.46,1009.66,29.93
4,86,3135382,8,35,46,1935,595,243,36,10,4,-1,-1,28.46,63.45,1009.57,30.67
4,87,3140382,9,33,43,1911,586,228,32,10,6,-1,-1,28.46,63.42,1009.61,30.37
4,88,3145382,9,33,46,1857,578,213,40,14,8,-1,-1,28.46,63.41,1009.61,30.37
4,89,3150382,12,39,57,2130,658,234,60,20,8,-1,-1,28.46,63.37,1009.52,31.12
4,90,3155382,12,39,60,2037,654,228,70,20,6,-1,-1,28.46,63.37,1009.57,30.67
4,91,3160382,11,46,60,2082,692,289,54,8,6,-1,-1,28.47,63.34,1009.56,30.75
4,92,3165382,10,43,49,1938,640,275,36,4,4,-1,-1,28.46,63.33,1009.53,31.04
4,93,3170382,8,33,50,1833,573,241,42,14,6,-1,-1,28.45,63.33,1009.59,30.52
4,94,3175382,8,40,62,1977,589,256,68,18,10,-1,-1,28.45,63.29,1009.56,30.74
4,95,3180382,10,40,56,2157,629,237,52,14,12,-1,-1,28.46,63.31,1009.58,30.60
4,96,3185382,9,42,56,2214,652,260,52,12,8,-1,-1,28.46,63.29,1009.58,30.60
4,97,3190382,11,39,54,2268,674,240,42,14,10,-1,-1,28.46,63.30,1009.71,29.48
4,98,3195382,11,36,43,2130,638,229,32,6,4,-1,-1,28.47,63.25,1009.64,30.08
4,99,3200382,9,33,46,1983,596,225,40,12,4,-1,-1,28.46,63.25,1009.58,30.60
4,100,3205382,9,37,47,2001,607,227,42,10,2,-1,-1,28.46,63.24,1009.53,31.04
4,101,3210382,10,36,44,1971,580,194,40,6,6,-1,-1,28.47,63.22,1009.62,30.30
4,102,3215382,8,35,45,1923,555,195,42,8,8,-1,-1,28.46,63.22,1009.58,30.60
4,103,3220382,11,36,46,2151,606,205,42,8,8,-1,-1,28.46,63.20,1009.55,30.82
4,104,3225382,11,37,43,2058,607,210,32,4,4,-1,-1,28.46,63.20,1009.60,30.45
4,105,3230382,8,38,54,1986,594,244,48,14,6,-1,-1,28.46,63.18,1009.55,30.82
4,106,3235382,9,38,53,2073,612,232,50,14,6,-1,-1,28.46,63.17,1009.58,30.60
4,107,3240382,11,37,55,2136,646,241,52,18,8,-1,-1,28.47,63.14,1009.59,30.53
4,108,3245382,13,39,52,2070,634,218,44,12,6,-1,-1,28.47,63.13,1009.59,30.53
4,109,3250382,8,33,43,1713,533,195,38,10,6,-1,-1,28.48,63.13,1009.60,30.45
4,110,3255382,9,33,44,1791,550,207,38,12,6,-1,-1,28.46,63.09,1009.53,31.04
4,111,3260382,8,32,44,1662,502,196,44,10,4,-1,-1,28.46,63.09,1009.61,30.37
4,112,3265382,8,37,55,1854,570,238,54,14,8,-1,-1,28.46,63.08,1009.57,30.67
4,113,3270382,8,35,53,1788,552,228,52,18,8,-1,-1,28.47,63.08,1009.56,30.75
4,114,3275382,11,40,51,1992,621,235,54,12,4,-1,-1,28.47,63.07,1009.59,30.53
4,115,3280382,13,39,46,2172,666,225,28,6,6,-1,-1,28.48,63.06,1009.62,30.23
4,116,3285382,10,36,47,2082,614,236,24,10,10,-1,-1,28.46,63.03,1009.58,30.60
4,117,3290382,7,39,50,1797,541,259,54,10,6,-1,-1,28.47,63.03,1009.59,30.53
4,118,3295382,4,35,47,1476,456,242,52,10,6,-1,-1,28.47,63.01,1009.64,30.08
4,119,3300382,5,32,41,1506,442,202,44,8,8,-1,-1,28.48,63.01,1009.62,30.23
4,120,3305382,7,29,35,1611,470,187,26,4,4,-1,-1,28.48,62.98,1009.65,30.01
4,121,3310382,8,40,43,1854,576,242,38,2,0,-1,-1,28.46,62.97,1009.71,29.48
4,122,3315382,11,41,44,2019,632,240,46,2,0,-1,-1,28.48,62.97,1009.69,29.71
4,123,3320382,11,41,46,2019,632,239,50,2,0,-1,-1,28.47,62.94,1009.62,30.30
4,124,3325382,12,42,46,2118,659,235,46,2,0,-1,-1,28.47,62.96,1009.59,30.53
4,125,3330382,10,37,48,1944,573,222,40,8,4,-1,-1,28.47,62.92,1009.67,29.86
4,126,3335382,10,33,54,1929,569,213,48,16,8,-1,-1,28.47,62.93,1009.64,30.08
4,127,3340382,8,32,45,1677,516,208,42,12,4,-1,-1,28.48,62.93,1009.68,29.78
4,128,3345382,8,31,57,1707,526,227,50,24,10,-1,-1,28.48,62.91,1009.66,29.93
4,129,3350382,8,35,54,1908,578,248,38,18,10,-1,-1,28.49,62.92,1009.64,30.09
4,130,3355382,8,35,50,1815,531,229,44,14,6,-1,-1,28.48,62.90,1009.57,30.68
4,131,3360382,7,29,39,1608,465,188,34,10,2,-1,-1,28.49,62.90,1009.64,30.09
4,132,3365382,7,33,46,1653,484,205,46,12,6,-1,-1,28.48,62.88,1009.73,29.34
4,133,3370382,8,35,54,1896,562,230,52,18,12,-1,-1,28.48,62.87,1009.62,30.23
4,134,3375382,11,36,60,2064,609,221,56,22,16,-1,-1,28.48,62.88,1009.62,30.23
4,135,3380382,11,40,60,2115,626,224,62,18,10,-1,-1,28.47,62.85,1009.67,29.86
4,136,3385382,8,38,49,1809,543,221,52,10,4,-1,-1,28.48,62.86,1009.66,29.93
4,137,3390382,7,36,43,1665,489,221,44,8,4,-1,-1,28.48,62.83,1009.63,30.16
4,138,3395382,7,37,48,1629,483,228,62,12,4,-1,-1,28.49,62.82,1009.61,30.31
4,139,3400382,8,35,46,1662,506,207,56,12,2,-1,-1,28.48,62.76,1009.63,30.16
4,140,3405382,10,35,48,1767,545,202,52,14,2,-1,-1,28.49,62.79,1009.59,30.53
4,141,3410382,9,37,51,1869,584,228,46,16,4,-1,-1,28.49,62.79,1009.65,30.02
4,142,3415382,7,37,53,1872,587,272,44,16,2,-1,-1,28.48,62.78,1009.61,30.38
4,143,3420382,8,37,47,1917,593,260,34,10,2,-1,-1,28.49,62.78,1009.59,30.53
4,144,3425382,11,42,56,2187,669,265,52,14,2,-1,-1,28.49,62.77,1009.59,30.53
4,145,3430382,12,42,60,2283,689,266,56,16,8,-1,-1,28.49,62.75,1009.65,30.02
4,146,3435382,7,34,57,1845,545,267,44,18,12,-1,-1,28.49,62.77,1009.61,30.31
4,147,3440382,8,37,55,2019,598,264,44,16,6,-1,-1,28.49,62.75,1009.65,30.02
4,148,3445382,9,37,48,2181,646,254,44,12,2,-1,-1,28.49,62.72,1009.59,30.53
4,149,3450382,12,40,43,2208,658,209,44,4,0,-1,-1,28.50,62.73,1009.58,30.61
4,150,3455382,11,38,52,2067,616,216,56,14,4,-1,-1,28.49,62.70,1009.57,30.68
4,151,3460382,8,32,50,1830,527,205,52,18,6,-1,-1,28.50,62.70,1009.58,30.61
4,152,3465382,8,29,45,1746,497,199,42,16,6,-1,-1,28.50,62.70,1009.58,30.61
4,153,3470382,9,35,50,1908,565,231,44,14,10,-1,-1,28.50,62.68,1009.58,30.61
4,154,3475382,9,36,50,2028,611,237,42,12,8,-1,-1,28.50,62.68,1009.58,30.61
4,155,3480382,8,37,44,1836,550,239,42,4,2,-1,-1,28.50,62.65,1009.63,30.17
4,156,3485382,7,34,55,1689,502,229,52,20,12,-1,-1,28.49,62.65,1009.62,30.24
4,157,3490382,10,43,70,2151,658,298,68,28,18,-1,-1,28.50,62.62,1009.63,30.17
4,158,3495382,10,40,64,2040,629,266,60,24,14,-1,-1,28.50,62.62,1009.63,30.17
4,159,3500382,10,36,46,1821,559,212,40,10,4,-1,-1,28.49,62.61,1009.60,30.46
4,160,3505382,8,35,42,1755,535,213,40,8,2,-1,-1,28.50,62.62,1009.67,29.87
4,161,3510382,8,35,42,1767,541,211,42,8,2,-1,-1,28.51,62.60,1009.65,30.03
4,162,3515382,8,32,39,1767,528,199,38,8,2,-1,-1,28.50,62.60,1009.61,30.32
4,163,3520382,11,36,46,1923,584,207,42,8,4,-1,-1,28.50,62.58,1009.66,29.94
4,164,3525382,7,30,38,1533,462,205,32,6,4,-1,-1,28.50,62.57,1009.61,30.32
4,165,3530382,7,32,38,1656,493,218,32,6,2,-1,-1,28.50,62.57,1009.67,29.87
4,166,3535382,8,39,44,1803,562,241,50,6,2,-1,-1,28.50,62.55,1009.77,28.98
4,167,3540382,10,40,55,2025,621,237,60,14,4,-1,-1,28.50,62.54,1009.64,30.10
4,168,3545382,10,36,55,1962,595,217,54,18,6,-1,-1,28.50,62.54,1009.64,30.10
4,169,3550382,10,40,55,2073,620,246,54,12,4,-1,-1,28.51,62.52,1009.63,30.18
4,170,3555382,9,40,49,2016,606,252,48,6,2,-1,-1,28.51,62.50,1009.65,30.03
4,171,3560382,9,40,51,2118,621,255,50,8,4,-1,-1,28.51,62.50,1009.81,28.69
4,172,3565382,9,39,47,2070,615,234,44,6,4,-1,-1,28.50,62.49,1009.67,29.87
4,173,3570382,7,37,61,1743,535,245,66,22,10,-1,-1,28.51,62.48,1009.71,29.51
4,174,3575382,5,38,60,1620,485,245,66,20,8,-1,-1,28.50,62.48,1009.66,29.94
4,175,3580382,8,35,54,1746,525,232,56,18,6,-1,-1,28.51,62.46,1009.68,29.80
4,176,3585382,11,37,46,1998,602,215,36,8,6,-1,-1,28.52,62.44,1009.67,29.88
4,177,3590382,11,33,39,1986,596,184,26,6,4,-1,-1,28.51,62.45,1009.68,29.80
4,178,3595382,12,35,46,2127,642,208,34,10,8,-1,-1,28.51,62.46,1009.70,29.58
4,179,3600382,8,36,56,1773,543,228,56,18,16,-1,-1,28.51,62.44,1009.62,30.25
